Abilene Christian
Air Force
Akron
Alabama
Alabama A+M,Alabama A&M
Alabama State
Albany
Alcorn State,Alcorn St
Angelo State
Appalachian State,Appalachian St
Arizona
Arizona State
Arkansas
Arkansas-Pine Bluff,AR-Pine Bluff
Arkansas State
Army
Auburn
Augustana (SD),Augustana (South Dakota)
Austin Peay
Ball State
Baylor
Bethune-Cookman
Boise State
Boston College
Boston University
Bowling Green,Bowling Green State
Brown
Bryant,Bryant University
Buffalo,Buffalo U
Bucknell
Butler
BYU,Brigham Young
California
Cal Poly,Cal-San Luis Obispo,Cal Poly-Pomona
Cal State Fullerton
Campbell
Carson-Newman
Central Arkansas,Cent Arkansas
Central Conn State,Cent Conn St,Central Connecticut State
Central Michigan,Cent Michigan
Central Missouri State
Charleston Southern,Charl Southern,Charleston Sou
Charlotte
Chattanooga
Cincinnati
Citadel,The Citadel
Clemson,Cleveland
Coastal Carolina,Coast Carolina
Colgate
Colorado
Colorado State
Columbia
Connecticut
Cornell
Dartmouth
Davidson
Dayton
Delaware
Delaware State, Delaware St
Delta State
Drake
Duke
Duquesne
East Carolina
East Tennessee State
Eastern Illinois,E Illinois
Eastern Kentucky,E Kentucky
Eastern Michigan,E Michigan
Eastern Washington,E Washington
Elon
Florida
Florida A+M,Florida A&M,Florida A & M
Florida Atlantic,Florida Atl
Florida Intl,FIU,Florida International
Florida State
Fordham
Fort Hays State
Fresno State
Furman
Gardner-Webb
Georgetown
Georgia
Georgia Southern,Ga. Southern
Georgia State
Georgia Tech
Grambling,Grambling St,Grambling State
Grand Valley State
Hampton
Harvard
Hawaii
Hofstra
Holy Cross
Houston
Houston Baptist
Howard
Idaho
Idaho State,Idaho St
Illinois
Illinois State
Incarnate Word
Indiana
Indiana State, Indiana St
Iowa
Iowa State
James Madison,JMU
Jackson State,Jackson St
Jacksonville State,Jacksonville St
Kansas
Kansas State
Kent State
Kentucky
Lafayette
Lamar
Lehigh
Lenoir-Rhyne
Liberty
Lincoln (MO), Lincoln
Long Beach State
Louisiana Tech
Louisville
LSU,Louisiana State
Maine
Marist
Marshall
Maryland
Massachusetts
McNeese State
Memphis
Mercer
Miami-Florida,Miami (FL),Miami Florida
Miami-Ohio,Miami (OH),Miami Ohio
Michigan
Michigan State
Middle Tennessee,Mid Tennessee St,Middle Tennessee State,Mid Tennessee State
Minnesota
Minnesota St-Moorhead,Moorhead State
Minnesota State,Mankato State
Miss. College,Mississippi College
Miss Valley State,Miss Valley St,Mississippi Valley State,Miss. Valley St.
Mississippi,Ole Miss
Mississippi State,Mississippi St
Missouri
Missouri Southern St,Missouri Southern State,Missouri Southern
Missouri S&T,Missouri-Rolla
Monmouth
Montana
Montana State
Morehead State
Morgan State
Murray State, Murray St
Navy
NC State,No Carolina State, North Carolina State
Nebraska
Nebraska-Omaha
Nevada,Nevada-Reno
New Hampshire
New Mexico
New Mexico Highlands
New Mexico State,New Mexico St
Newberry
Nicholls State,Nicholls St
Norfolk State
North Alabama
North Carolina,UNC
North Carolina A&T,No Carolina A+T,N Carolina A&T,NC A&T,N. Carolina A & T
North Carolina Central,No Carolina Central,N Carolina Cent,NC Central
North Dakota
North Dakota State,North Dakota St
North Texas
Northeastern
Northern Arizona,N Arizona
Northern Colorado,N. Colorado,N Colorado
Northern Illinois,N Illinois
Northern Iowa
Northern Michigan
Northridge State,CS-Northridge,Cal State Northridge
Northwestern
Northwestern State,Northwestern St(LA),Northwestern St
Notre Dame
NW Oklahoma,NW Oklahoma St, Northwestern Oklahoma State
Ohio
Ohio State
Old Dominion
Oklahoma
Oklahoma State
Oregon
Oregon State
Pacific
Penn State
Pennsylvania
Pitt,Pittsburgh
Portland State
Prairie View A&M,Prairie View,PV A&M
Presbyterian
Princeton
Purdue
Rhode Island
Rice
Richmond
Robert Morris
Rutgers
S-M-U,SMU,Southern Methodist
Sacramento State,Sacramento St
Sacred Heart
Saint Mary's (CA)
Sam Houston State,Sam Houston
Samford
San Diego
San Diego State
San Francisco State
San Jose State
Santa Clara
Savannah State
Southeastern Louisiana,S E Louisiana,SE Louisiana
S E Missouri St,SE Missouri St,Southeast Missouri State
S W Missouri St,Missouri State
So Carolina State,S Carolina St,South Carolina State,SC State,So Carolina St
Sonoma State
South Alabama
South Carolina
South Dakota
South Dakota State,South Dakota St
South Florida,USF
Southern Illinois,S Illinois
Southern Miss,Southern Mississippi
Southern Univ,Southern,Southern University
Southern Utah
St. Cloud State
St. Francis (PA),St Francis (PA)
Stanford
Stephen F. Austin,Stephen F Austin,SF Austin,Stephen F.Austin
Stetson
Stony Brook
Syracuse
TCU,Texas Christian
Temple
Tennessee,Tennessee U
Tennessee-Martin,Tennessee Martin,UT Martin
Tennessee St,Tennessee State,East Tenn St,East Tennessee St
Tennessee Tech,Tenn Tech
Texas
Texas A+M,Texas A&M,Texas A & M,
Texas A+M-Commerce,TX A&M-Commerce,Texas A&M-Commerce
Texas A&M-Kingsville
Texas Southern
Texas State
Texas Tech
Texas-San Antonio,UTSA,Tex San Antonio
Texas State,S W Texas State
Toledo
Towson
Troy,Troy State
Truman State,Truman St
Tulane
Tulsa
U-A-B,UAB,Alabama-Birmingham
U-C-F,UCF,Central Florida
U.C.L.A.,UCLA
UC-Davis,UC Davis,California-Davis
UL-Lafayette,LA-Lafayette,Louisiana-Lafayette,UL - Lafayette
UL-Monroe,UL Monroe,Louisiana-Monroe
UNLV,Nevada-Las Vegas
USC,Southern Cal,Southern California
Utah
Utah State
UTEP,Texas-El Paso
UT Arlington,Texas-Arlington
Valparaiso
Vanderbilt
Villanova
Virginia
Virginia Military,VMI,Virginia Military Institute
Virginia Tech
Wagner
Wake Forest
Washington
Washington State,Washington St
Wayne State (MI),Wayne State
Weber State,Weber St
West Texas A&M
West Virginia,WVU
West Virginia Tech,W Virginia Tech
Western Carolina,W Carolina
Western Illinois,W Illinois
Western Kentucky,W Kentucky
Western Michigan,W Michigan
Western New Mexico,W New Mexico
Wichita State
William + Mary,William & Mary
Wisconsin
Wofford
Wyoming
Yale
Youngstown State,Youngstown St
